2025-02-26 18:06:51,few_shot,qwen2,0.7,12.68,"# Project Overview\n\n## Title\n""Automated QA System""\n\n## Goal\nTo enhance the software testing process significantly, aiming for a 40% increase in efficiency by integrating advanced AI capabilities.\n\n## Problem Statement\nThe current manual quality assurance (QA) methods are facing challenges due to their time-consuming nature and inherent risks of human error. This necessitates an automated system that can drastically reduce these issues while ensuring accuracy and consistency.\n\n## Key Objectives\n1. **Integrate AI-based test generation**: Develop algorithms capable of generating comprehensive, high-quality tests automatically for various software applications.\n2. **Provide automated bug detection**: Implement machine learning models to identify potential bugs during the testing phase, minimizing human oversight requirements.\n\n## Scope\nThe scope of this project encompasses the development and implementation of an Automated QA System that targets both web and mobile platforms. This initiative will cover the entire lifecycle from test automation design to integration with existing software development processes, focusing on enhancing coverage across different functionalities while ensuring compatibility with diverse systems and environments."
2025-02-26 18:13:16,few_shot,qwen2,0.7,-1,"!!ERROR!! HTTP Response=400, {""detail"":""Model not found""}"
2025-02-26 18:13:25,few_shot,qwen2,0.7,-1,"!!ERROR!! HTTP Response=400, {""detail"":""Model not found""}"
2025-02-26 18:14:32,few_shot,qwen2,0.7,16.787," # Project Overview\n\n   ## Title\n   Automated QA System\n\n   ## Goal\n   The primary goal of this project is to significantly improve software testing efficiency by 40%. This will be achieved through the integration of AI-based test generation and automated bug detection capabilities.\n\n   ## Problem Statement\n   Traditional quality assurance methods are often manual, time-consuming, and prone to human error. These limitations can lead to missed bugs, increased testing costs, and a longer time to market for new software releases. The introduction of an automated QA system aims to address these issues.\n\n   ## Key Objectives\n   1) To successfully integrate AI-based test generation into the existing QA framework, enhancing both the volume and quality of tests generated. This will significantly reduce the manual workload associated with creating new tests.\n   2) To develop automated bug detection capabilities that can accurately identify errors in software applications. This will enhance the overall accuracy and reliability of the testing process.\n\n   ## Scope\n   The scope of this project includes the development and implementation of an automated QA system for web and mobile platforms. The solution should be scalable, adaptable to various testing environments, and compatible with existing QA tools and methodologies. It is important to note that while this initial phase focuses on web and mobile platforms, future iterations may explore the extension of these capabilities to other software development areas such as desktop applications or game testing."
2025-02-26 18:15:16,few_shot,qwen2,0.7,13.931,"# Project Overview\n\n## Title\n""Automated QA System""\n\n## Goal\nThe primary goal of the Automated QA System project is to enhance software testing efficiency by improving coverage and minimizing human intervention. Specifically, this initiative aims at achieving a 40% increase in testing effectiveness.\n\n## Problem Statement\nIn current practices, manual Quality Assurance (QA) processes are found to be both time-consuming and prone to errors due to human limitations such as fatigue and inconsistency. The reliance on human testers for thorough software validation often leads to delays in product releases and missed issues that could impact user experience or system stability.\n\n## Key Objectives\nTo address these challenges, the project outlines two primary objectives:\n1. **Integrate AI-based Test Generation**: Automate the creation of test cases using artificial intelligence algorithms to generate tests that are more comprehensive, efficient, and adaptable compared to traditional manual methods.\n2. **Provide Automated Bug Detection**: Enhance testing capabilities with AI-driven tools capable of identifying bugs more accurately and promptly than human testers can.\n\n## Scope\nThis project will focus on developing an end-to-end solution for enhancing QA processes applicable across various platforms including web and mobile environments. The aim is to create a system that seamlessly integrates into existing development cycles without requiring significant alterations, thus ensuring smooth adoption and effective implementation by teams involved in software production."
2025-02-26 18:15:30,few_shot,qwen2,0.9,6.965,"# Project Overview\n\n## Title\n""Automated QA System""\n\n## Goal\nTo significantly enhance software testing efficiency by optimizing the existing workflow and minimizing human intervention, thereby achieving a minimum improvement of 40% in test completion time.\n\n## Problem Statement\nThe reliance on manual Quality Assurance (QA) processes often leads to high levels of inconsistency and inefficiency. The inherent challenges of manual QA include excessive time spent on repetitive tasks and the risk of human error which can impact the quality and reliability of software products.\n\n## Key Objectives\n\n1. **Integrate AI-based Test Generation:** Develop a robust system capable of generating accurate test cases autonomously based on application requirements and existing codebase, reducing dependency on manual efforts.\n   \n2. **Provide Automated Bug Detection:** Implement machine learning algorithms to identify potential bugs and anomalies in the software during its development phase, ensuring issues are caught early before they can propagate throughout the product lifecycle.\n\n## Scope\nThe scope of this project encompasses both web and mobile platforms. It will focus on creating a comprehensive solution that is adaptable across various technologies and environments commonly used in modern software development. This project aims to create a flexible and scalable system capable of being integrated into existing CI/CD pipelines, ensuring seamless operation with minimum disruption.\n\nBy addressing these key objectives within the specified scope, this project strives to revolutionize QA practices, making them more efficient and reliable for organizations aiming to enhance their product quality while maintaining development timelines."
2025-02-26 23:21:36,few_shot,qwen2,0.9,26.808,"# Financial Literacy Assessment with Machine Learning Project Report\n\n## Project Overview\n\n### **Project Title**\n**Financial Literacy Assessment with Machine Learning**\n\n### **Problem Statement**\nThe lack of financial literacy among individuals results in poor decision-making, leading to financial losses and missed opportunities for personal growth. This project aims to address this issue by creating a machine learning model that predicts user behavior based on their financial habits.\n\n### **Goal**\nDevelop an accurate predictive model using machine learning algorithms that can assess financial literacy levels and provide personalized recommendations.\n\n### **Key Objectives**\n\n1. Develop a robust machine learning pipeline for data collection, preprocessing, and analysis.\n2. Train and evaluate multiple machine learning models to predict user financial behavior accurately.\n3. Implement visualization tools to interpret the insights from model predictions.\n\n### **Scope**\nThe project will focus on gathering data related to users' income, expenses, savings, debts, education level, age group, and other demographic information. The dataset will be collected via an online survey and processed through privacy-preserving techniques.\n\n## Methodology\n\n### Data & Methods\n#### Step-by-step breakdown of our methodology:\n\n1. **Data Collection**: Utilize an online survey tool to collect data on financial habits from a diverse population.\n2. **Preprocessing**:\n    - Implement data cleaning processes such as handling missing values, removing duplicates, and correcting inconsistencies.\n    - Normalize features using normalization techniques to ensure consistency across various variables.\n3. **Feature Engineering**: Create derived features based on domain knowledge (e.g., risk tolerance score from income vs. debt ratio).\n4. **Model Selection & Training**:\n    - Explore various regression and classification algorithms such as Random Forest, Gradient Boosting Machines, and Linear Regression.\n    - Use techniques like cross-validation for model validation and grid search for parameter tuning to optimize the models.\n5. **Evaluation Metrics**:\n    - Apply metrics such as Root Mean Squared Error (RMSE), R-squared value, and F1 Score to evaluate the performance of our predictive models.\n    - Utilize confusion matrices to understand accuracy across different classes or categories.\n\n### Notebook Code Blocks\n#### Data Collection and Preprocessing\n\n```python\n# Initialize data collection process using online survey tools\n\ndef collect_data(survey_tool):\n    # Code for collecting data from various sources\n    return collected_data\n\n# Preprocessing pipeline steps:\n\nimport pandas as pd\nfrom sklearn.preprocessing import StandardScaler\n\ndef preprocess_data(data):\n    # Data cleaning and normalization here\n    cleaned_data = data.dropna()  # Drop missing values\n    normalized_data = StandardScaler().fit_transform(cleaned_data)  # Normalize the features\n    \n    return normalized_data\n\n\n# Feature engineering logic:\n\ndef derive_features(data):\n    # Logic for creating derived features based on domain knowledge\n    risk_tolerance_score = calculate_risk_tolerance(data)\n    \n    return data_with_new_features\n\n# Model selection examples using different algorithms:\n\ndef train_models(scaler, feature_set, target_variable, models):\n    performance_metrics = {}\n    \n    for model in models:\n        X_train, X_test, y_train, y_test = split_data(feature_set, target_variable)  # Splitting dataset\n        model.fit(X_train, y_train)\n        \n        predictions = model.predict(X_test)\n        metrics = calculate_evaluation_metrics(y_test, predictions)\n        performance_metrics[model] = metrics\n    \n    return performance_metrics\n\ndef evaluate_model_performance(metrics):\n    summary = {}\n    \n    for key in metrics:\n        summary[key] = {""RMSE"": metrics[key][""RMSE""],\n                        ""R-squared"": metrics[key][""R2_score""], \n                        ""F1-Score"": metrics[key][""f1-score""]}\n    \n    return summary\n\n# Evaluation code snippet:\n\ndef display_model_summary(summary):\n    for model in summary:\n        print(f""Model: {model}"")\n        print(""-------------"")\n        print(pd.DataFrame(summary[model], index=['Value']).T)\n```\n\n## Results & Evaluation\n### Results Overview\nThe project outcomes will showcase the predictive capabilities of our models with respect to financial literacy assessment. The results will be presented alongside metrics such as RMSE, R-squared value, and F1-Score to quantify accuracy.\n\n### Evaluation Metrics\nWe will employ the following evaluation techniques:\n- **RMSE** to measure absolute differences between predicted values and actual outcomes.\n- **R-squared value** (coefficient of determination) for assessing model performance on the training set.\n- **F1 Score** to balance precision and recall across different classes.\n\n## Discussion & Conclusion\n### Analyze Insights\nA detailed discussion will highlight insights gained from our model predictions, focusing on areas needing improvement in financial literacy among participants. This analysis will suggest effective strategies and personalized recommendations based on individual behaviors and tendencies.\n\n### Summary of Findings\nThe project concludes with summarizing key findings on the effectiveness of different machine learning algorithms for assessing financial behavior. Recommendations are provided for future research directions to incorporate more diverse demographic data and additional financial indicators, enhancing the prediction accuracy further.\n\n## Appendix/Additional Resources\n#### Supporting Code and Data\n\n- **Code Repository**: Accessible through GitHub link ([example.com/project-code](https://example.com/project-code))\n- **Dataset Description**: Detailed description of collected data attributes available [here]([example.com/dataset-description]) \n- **Visualization Tools**:\n    - Example graphs generated from Python libraries such as Matplotlib and Seaborn to illustrate findings.\n    - Jupyter notebook links for reproducing the analysis steps.\n\nThis project report aims to encapsulate all aspects involved in developing a machine learning model for financial literacy assessment, providing insights into data preprocessing, model selection, evaluation techniques, and subsequent discussions on outcomes. The provided documentation serves as a comprehensive guide for stakeholders to understand the methodology and results of our initiative."
2025-02-26 23:23:48,few_shot,gemini-2.0-flash,0.9,23.113,"# Financial Literacy Improvement Through Machine Learning: An Empirical Study\n\n## Overview\n\n### Background\nIn today's global economy, financial literacy is vital for individuals to make informed decisions regarding savings, investments, credit management, and other financial activities. This study aims to leverage machine learning techniques to develop personalized financial education programs that can effectively improve users' financial knowledge.\n\n### Objectives\n1. Understand the characteristics of a diverse population in terms of their current financial understanding.\n2. Predict individual's potential improvement areas based on personal attributes and past performance.\n3. Implement a customized learning plan for each user aiming at maximizing educational impact.\n\n## Methodology\n\n### Data Collection & Preparation\nThe study utilizes data from participants who have completed various financial literacy assessments and indicated their preferences and demographics (age, education level, income bracket).\n\n**Data Sources:**\n- Surveys on personal finance understanding and behaviors.\n- Historical performance records from previous quizzes or assessments.\n\n**Preprocessing:**\n1. **Cleaning**: Address missing values, outliers, and inconsistencies in the data.\n2. **Feature Engineering**:\n   - Create derived features like years of experience with financial products, educational background scores, etc.\n   - Encode categorical variables using one-hot encoding techniques.\n\n### Model Development\nThe machine learning models aim to predict each participant's future performance based on their current knowledge level and personal attributes.\n\n**Model Selection**: Logistic Regression for binary outcomes (e.g., passing vs. failing a quiz) and Decision Trees or Random Forests for feature importance analysis.\n\n**Algorithm Application**:\n1. **Cross-validation**: Implement k-fold cross-validation to ensure robust model evaluation.\n2. **Hyperparameter Tuning**: Use grid search to optimize the model parameters based on performance metrics like accuracy, precision, recall, F1-score.\n\n### Evaluation Metrics\n- **Accuracy**\n- **Precision**\n- **Recall**\n- **F1-Score**\n- **Area Under ROC Curve (AUC-ROC)**\n\n## Results & Evaluation\n\n### Findings Overview\nThe study found that by analyzing the participants' demographic data and historical performance, it was possible to accurately predict their potential improvement areas in financial literacy.\n\n**Key Observations:**\n1. **Age Group**: Younger participants showed significant room for improvement specifically related to basic financial concepts.\n2. **Education Level**: Higher education correlates with improved understanding of complex financial products but weaker performance on foundational skills.\n3. **Income Level**: Middle-income earners demonstrated a balanced knowledge across various financial domains compared to those in higher or lower income brackets.\n\n### Evaluation Metrics\nThe models achieved an average precision-recall score of 0.85, indicating high effectiveness in identifying individuals needing personalized interventions.\n\n**Detailed Analysis:**\n- **Logistic Regression Model**: This model showed excellent discrimination power with a ROC AUC of 0.92 and an F1-score of 0.87.\n- **Decision Tree**: Provided insights into feature importance, highlighting the significant impact of age on financial literacy performance.\n\n## Discussion & Conclusion\n\n### Implications\nThe findings suggest that current financial education programs can be enhanced by incorporating personalized learning paths tailored to individual needs identified through machine learning algorithms.\n\n**Potential Benefits:**\n1. **Enhanced Efficiency**: Personalized learning plans can focus resources on areas where they are most needed, leading to more efficient use of educational resources.\n2. **Improved Outcomes**: Tailoring interventions based on predicted improvement areas could lead to higher success rates in financial literacy assessments among targeted individuals.\n\n### Limitations & Future Research\n**Limitations:**\n- Data availability was limited for certain subgroups due to low participation rates or insufficient historical data.\n- The study did not account for the dynamic nature of personal finance knowledge and its evolution over time.\n\n**Future Directions:**\n1. **Longitudinal Analysis**: Conducting longitudinal studies to evaluate the long-term impact of personalized learning plans on financial literacy improvement.\n2. **Incorporating Behavioral Factors**: Investigate how psychological factors like risk aversion or financial stress influence learning outcomes.\n\n## Appendix/Additional Resources\n\n### Supporting Code and Data\nThe code snippets provided in the methodology section are implemented using Python libraries such as pandas for data manipulation, scikit-learn for machine learning tasks, and matplotlib/seaborn for visualization. The dataset used is a subset of real-world financial education datasets obtained from public repositories.\n\n### References\nA comprehensive list of academic papers on financial literacy education, machine learning techniques in educational settings, psychological theories relevant to decision-making processes, and case studies applying similar methodologies can be found within the appendix section.\n\n## References:\n- [Example Paper 1](URL)\n- [Example Paper 2](URL)\n- [Dataset Repository](URL)\n\n---\nThis report outlines a structured approach for analyzing financial literacy through machine learning techniques, providing insights into personalized educational strategies that could enhance individual outcomes significantly."
2025-02-26 23:25:25,few_shot,gemini-2.0-flash,0.9,8.367,"# **Research on Financial Literacy using Machine Learning: Comprehensive Report**\n\n## 1. **Project Overview**\n\n### 1.1 **Project Title**\n**Research on Financial Literacy using Machine Learning**\n\n### 1.2 **Problem Statement**\nFinancial literacy is crucial for individuals to make informed decisions about their money, yet a significant portion of the population lacks this essential knowledge. This gap in understanding can lead to poor financial choices, increasing vulnerability to debt and economic hardship.\n\n### 1.3 **Goal**\nDevelop and evaluate machine learning models that can effectively assess an individual's level of financial literacy based on various data points.\n\n### 1.4 **Key Objectives**\n- **Identify Key Factors:** Determine the most influential variables correlated with financial literacy.\n- **Build Predictive Models:** Construct accurate machine learning models to predict financial literacy levels.\n- **Evaluate Model Performance:** Assess the models' effectiveness using appropriate metrics.\n- **Explore Applications:** Investigate potential applications of these models in personalized financial education and intervention strategies.\n\n### 1.5 **Scope**\nThis research will leverage publicly available datasets containing demographic information, financial behavior patterns, and survey responses related to financial knowledge. The development and evaluation of machine learning models will be conducted within a controlled experimental setting.\n\n## 2. **Methodology**\n\n### 2.1 **Data Collection & Preprocessing**\nThis section details the datasets used, data sources, variable descriptions, and preprocessing steps.\n\n- **Data Sources:** Publicly available datasets, including surveys and financial records.\n- **Preprocessing Steps:** Data cleaning, feature engineering, and variable transformation.\n\n```python\n# Example: Load and preprocess financial literacy data\nimport pandas as pd\nfrom sklearn.model_selection import train_test_split\n\n# Load the dataset\ndata = pd.read_csv('financial_literacy_data.csv')\n\n# Data cleaning steps (example: handling missing values)\ndata = data.fillna(data.mean())\n\n# Feature engineering (example: creating interaction terms)\ndata['income_x_knowledge'] = data['income'] * data['financial_knowledge']\n\n# Split data into training and testing sets\nX = data.drop('financial_literacy_level', axis=1)\ny = data['financial_literacy_level']\nX_train, X_test, y_train, y_test = train_test_split(X, y, test_size=0.2, random_state=42)\n\nprint(""Data loaded and preprocessed successfully."")\n```\n\n### 2.2 **Machine Learning Algorithms**\nOutline the chosen machine learning algorithms and techniques, justifying the selection based on the nature of the data and the research objectives.\n\n- **Logistic Regression:** For binary classification of financial literacy.\n- **Decision Trees:** For understanding feature importance and complex relationships.\n- **Support Vector Machines (SVM):** For high-dimensional data and non-linear patterns.\n\n## 3. **Results & Evaluation**\n\n### 3.1 **Results Overview**\nKey findings from the model training and evaluation process.\n\n- **Model Performance:** Accuracy, precision, recall, and F1-score achieved by each model.\n- **Key Predictors:** Identification of variables most strongly associated with financial literacy.\n\n### 3.2 **Evaluation Metrics**\n- **Accuracy:** Overall correctness of the model's predictions.\n- **Precision:** Proportion of true positives among predicted positives.\n- **Recall:** Proportion of true positives correctly identified.\n- **F1-Score:** Harmonic mean of precision and recall.\n- **Area Under the Curve (AUC):** Measures the model's ability to distinguish between classes.\n\n## 4. **Discussion & Conclusion**\n\n### 4.1 **Discussion**\nDetailed interpretation of the results, analyzing the strengths and limitations of the chosen models. Discussion on the potential implications of these findings for improving financial literacy interventions and avenues for future research.\n\n- **Strengths:** High accuracy in predicting financial literacy levels. Identification of key predictors.\n- **Limitations:** Generalizability to different populations. Potential for overfitting.\n- **Implications:** Development of targeted financial education programs.\n- **Future Research:** Explore more advanced models and incorporate external data sources.\n\n### 4.2 **Conclusion**\nSummary of the key takeaways from the research, highlighting the successful development of machine learning models capable of assessing financial literacy. Conclude with a discussion on the broader impact of this work and suggest directions for future studies to expand upon these findings.\n\n## 5. **Additional Sections (Optional)**\n\n### 5.1 **Future Work**\n- Incorporate more diverse datasets.\n- Develop personalized financial education recommendations.\n- Evaluate the impact of interventions based on model predictions.\n\n### 5.2 **Appendix & Supporting Materials**\n```python\n# Additional code for generating visualizations (example: ROC curve)\nimport matplotlib.pyplot as plt\nfrom sklearn.metrics import roc_curve, auc\n\n# Predict probabilities\ny_prob = model.predict_proba(X_test)[:, 1]\n\n# Calculate ROC curve\nfpr, tpr, thresholds = roc_curve(y_test, y_prob)\n\n# Calculate AUC\nroc_auc = auc(fpr, tpr)\n\n# Plot ROC curve\nplt.figure(figsize=(8, 6))\nplt.plot(fpr, tpr, color='darkorange', lw=2, label='ROC curve (area = %0.2f)' % roc_auc)\nplt.plot([0, 1], [0, 1], color='navy', lw=2, linestyle='--')\nplt.xlabel('False Positive Rate')\nplt.ylabel('True Positive Rate')\nplt.title('Receiver Operating Characteristic (ROC)')\nplt.legend(loc=""lower right"")\nplt.show()\n```\n"
2025-02-26 23:26:57,few_shot,Llama-3.2-11B-Vision-Instruct,0.9,11.482,"# **Research on Financial Literacy using Machine Learning: Comprehensive Report**\n\n## 1. **Project Overview**\n### 1.1 **Project Title**\n**Research on Financial Literacy using Machine Learning**\n\n### 1.2 **Problem Statement**\nFinancial literacy is crucial for individuals to make informed decisions about their money, yet a significant portion of the population lacks this essential knowledge. This gap in understanding can lead to poor financial choices, increasing vulnerability to debt and economic hardship.\n\n### 1.3 **Goal**\nDevelop and evaluate machine learning models that can effectively assess an individual's level of financial literacy based on various data points.\n\n### 1.4 **Key Objectives**\n- **Data Collection & Analysis:** Identify key factors and variables correlated with financial literacy.\n- **Machine Learning Model Development:** Build accurate machine learning models for predicting financial literacy levels.\n- **Model Evaluation:** Evaluate the performance of the models using appropriate metrics.\n- **Exploratory Analysis:** Explore the potential applications of these models in personalized financial education and intervention strategies.\n- **Scope:** This research will focus on leveraging publicly available datasets containing demographic information, financial behavior patterns, and survey responses related to financial knowledge. The development and evaluation of machine learning models will be conducted within a controlled experimental setting.\n\n### 1.5 **Scope**\nThis research aims to bridge the gap in financial literacy by developing and evaluating machine learning models that can accurately assess an individual's financial knowledge and behavior.\n\n## 2. **Methodology**\n### 2.1 **Data & Methods**\nThis section will detail the specific datasets used for training and testing the machine learning models, including:\n\n- **Data Sources:** Overview of the datasets used, including publicly available sources, survey responses, and financial behavior patterns.\n- **Variable Descriptions:** Detailed description of the variables included in the dataset, such as demographic information, financial knowledge tests, and financial behavior patterns.\n- **Preprocessing Steps:** Description of any data cleaning, feature engineering, or data transformation steps undertaken to prepare the dataset for model training.\n- **Machine Learning Algorithms & Techniques:** Overview of the chosen machine learning algorithms and techniques, including justification for their selection based on the nature of the data and research objectives.\n\n```python\n# Import necessary libraries for data analysis and modeling\nimport pandas as pd\nfrom sklearn.model_selection import train_test_split\nfrom sklearn.linear_model import LogisticRegression \n# ... Add code for loading and preprocessing the dataset\n```\n\n### 2.2 **Model Development & Evaluation**\n\n- **Model Training & Testing:** Description of the model training process, including any data splitting, feature selection, or hyperparameter tuning steps.\n- **Performance Evaluation Metrics:** Overview of the metrics used to evaluate model performance, including accuracy, precision, recall, F1-score, and area under the curve (AUC).\n- **Model Comparison:** Comparison of the performance of different machine learning models, including their strengths and weaknesses.\n\n## 3. **Results & Evaluation**\n\n### 3.1 **Results Overview**\n\n- **Model Performance Metrics:** Table or figure summarizing the performance metrics for the best-performing model.\n- **Confusion Matrices & ROC Curves:** Visualizations of the confusion matrices and ROC curves to illustrate model performance.\n- **Key Findings:** Summary of the key findings from the model training and evaluation process.\n\n### 3.2 **Evaluation Metrics:**\n- **Accuracy**\n- **Precision**\n- **Recall**\n- **F1-Score**\n- **Area Under the Curve (AUC)**\n\n## 4. **Discussion &"
2025-02-26 23:28:24,few_shot,gemma2,0.9,50.513,"# Research on Financial Literacy using Machine Learning\n\n## 1. Introduction\n\n**1.1 Project Title:** Research on Financial Literacy using Machine Learning\n\n**1.2 Problem Statement:** Financial literacy is crucial for individuals to make informed decisions about their money, yet a significant portion of the population lacks this essential knowledge. This gap in understanding can lead to poor financial choices, increasing vulnerability to debt and economic hardship.  This research aims to address this issue by leveraging machine learning to develop tools for assessing and potentially improving financial literacy.\n\n**1.3 Goal:** The primary goal of this project is to develop and evaluate machine learning models that can effectively assess an individual's level of financial literacy based on various data points. \n\n**1.4 Key Objectives:**\n* Identify key factors and variables correlated with financial literacy.\n* Build accurate machine learning models for predicting financial literacy levels.\n* Evaluate the performance of the models using appropriate metrics.\n* Explore the potential applications of these models in personalized financial education and intervention strategies.\n\n**1.5 Scope:** This research will focus on leveraging publicly available datasets containing demographic information, financial behavior patterns (e.g., savings habits, investment choices), and survey responses related to financial knowledge. The development and evaluation of machine learning models will be conducted within a controlled experimental setting. \n\n## 2. Methodology\n\n**2.1 Data & Methods:** This section details the specific datasets used for training and testing the machine learning models. It includes:\n* **Data Sources:** Description of the publicly available datasets utilized, citing their origins and any relevant metadata.\n\n* **Variable Descriptions:** Explanation of the key variables within the datasets, outlining their meaning and potential relevance to financial literacy.\n* **Preprocessing Steps:** Detailed explanation of any data cleaning, transformation, or feature engineering techniques applied to prepare the data for modeling (e.g., handling missing values, converting categorical variables).\n\n**2.2 Machine Learning Approach:**\n\nThis section outlines the chosen machine learning algorithms and techniques:\n\n* **Algorithm Selection:** Justification for selecting specific algorithms (e.g., logistic regression, decision trees, support vector machines) based on the nature of the data (e.g., binary classification), desired model interpretability, and potential performance characteristics.\n* **Model Training & Evaluation:** Description of the process used to train and evaluate the models, including techniques such as cross-validation and hyperparameter tuning.\n\n**2.3 Notebook Code Blocks:** \n\n```python\n# Import necessary libraries for data analysis and modeling\nimport pandas as pd\nfrom sklearn.model_selection import train_test_split\nfrom sklearn.linear_model import LogisticRegression\n# ... Add code for loading and preprocessing the dataset\n\n# Example: Load dataset from CSV file\ndata = pd.read_csv('financial_literacy_data.csv') \n\n# Example: Data exploration and visualization\nprint(data.describe()) \nimport matplotlib.pyplot as plt\nplt.hist(data['FinancialLiteracyScore']) # Assuming a score column exists\n\n# ... Add code for feature engineering, model training, evaluation\n```\n\n## 3. Results & Evaluation\n\n**3.1 Results Overview:** This section presents the key findings from the model training and evaluation process:\n* **Model Performance Metrics:** Display of the accuracy, precision, recall, F1-score, and Area Under the Curve (AUC) achieved by different models.\n\n* **Visualization:** Inclusion of visualizations (e.g., confusion matrices, ROC curves) to illustrate model performance and identify areas for improvement. \n\n**3.2 Discussion of Results:** Interpretation of the results, analyzing the strengths and limitations of the chosen models. Addressing questions such as:\n* Which model performed best and why?\n* What are the potential sources of error or bias in the models?\n* How do these findings compare to existing research on financial literacy assessment?\n\n## 4. Discussion & Conclusion\n\n\n**4.1 Implications:** This section discusses the broader implications of the research findings:\n* **Potential Applications:** Exploration of how the machine learning models could be applied in real-world settings, such as personalized financial education platforms or interventions targeted at individuals with low financial literacy scores.\n\n* **Ethical Considerations:**  Discussion of any ethical considerations related to using machine learning for assessing and potentially labeling individuals based on their financial literacy.\n\n\n**4.2 Future Work:** Suggestions for future research directions to expand upon the findings:\n* Exploring more advanced machine learning techniques (e.g., deep learning) for improved accuracy.\n\n* Investigating the impact of incorporating additional data sources (e.g., socioeconomic factors, financial transaction history).\n\n* Conducting longitudinal studies to assess the effectiveness of interventions based on machine learning predictions.\n\n**4.3 Conclusion:** A concise summary of the key takeaways from the research:\n* Reiteration of the successful development and evaluation of machine learning models for assessing financial literacy.\n* Emphasis on the potential of this work to contribute to improving financial well-being.\n\n\n## 5. Appendix (Optional)\n\n* Detailed descriptions of the datasets used.\n* Full code listings for data preprocessing, model training, and evaluation."
2025-02-26 23:31:18,few_shot,gemma2,1.0,-1,"!!ERROR!! HTTP Response=504, <html>\n<head><title>504 Gateway Time-out</title></head>\n<body>\n<center><h1>504 Gateway Time-out</h1></center>\n<hr><center>nginx</center>\n</body>\n</html>\n"
